ModelTime [s],D-21L00007A-1400PL-BD20a:OutletStream.f [kg/h],D-21L00007A-1400PL-BD20a:OutletStream.q [m3/h],D-21L00007A-1400PL-BD20a:OutletStream.w [kg/mol],D-27L00022A-1400PVd_pv:OutletStream[0].f [kg/h],D-27L00022A-1400PVd_pv:OutletStream[0].q [m3/h],D-27L00022A-1400PVd_pv:OutletStream[0].w [kg/mol],D-27PT0260:MeasuredValue [barg],D-23KA001_m:ActivePower [kW],D-27KA001_m:ActivePower [kW],D-27KA002_m:ActivePower [kW],D-26KA001_m:ActivePower [kW],D-21PA001A_m:ActivePower [kW],D-21PA002A_m:ActivePower [kW],D-21PA002B_m:ActivePower [kW],D-21PA001B_m:ActivePower [kW],D-13PT2625:MeasuredValue [barg],D-13PT2628:MeasuredValue [barg],D-13PT2317:MeasuredValue [barg],D-13PT2321:MeasuredValue [barg],D-13PT2417:MeasuredValue [barg],D-13PT2421:MeasuredValue [barg],D-13PT2118:MeasuredValue [barg],D-13PT2122:MeasuredValue [barg],D-20LIC0106:Measurement [m],D-20LIC0106:InternalSetpoint [m],D-20LIC0106:ControllerOutput [%],D-20LIC0119:Measurement [m],D-20LIC0119:InternalSetpoint [m],D-20LIC0119:ControllerOutput [%],D-20LIC2604:Measurement [m],D-20LIC2604:InternalSetpoint [m],D-20LIC2604:ControllerOutput [%],D-20LIC2627:Measurement [m],D-20LIC2627:InternalSetpoint [m],D-20LIC2627:ControllerOutput [%],D-20LIC2106:Measurement [m],D-20LIC2106:InternalSetpoint [m],D-20LIC2106:ControllerOutput [%],D-20LIC2120:Measurement [m],D-20LIC2120:InternalSetpoint [m],D-20LIC2120:ControllerOutput [%],D-20LIC0206:Measurement [m],D-20LIC0206:InternalSetpoint [m],D-20LIC0206:ControllerOutput [%],D-20LIC0224:Measurement [m],D-20LIC0224:InternalSetpoint [m],D-20LIC0224:ControllerOutput [%],D-20LIC0309:Measurement [m],D-20LIC0309:InternalSetpoint [m],D-20LIC0309:ControllerOutput [m3/h],D-21PIC0557:Measurement [barg],D-21PIC0557:InternalSetpoint [barg],D-21PIC0557:ControllerOutput [%],D-27TIC0307:Measurement [C],D-27TIC0307:InternalSetpoint [C],D-27TIC0307:ControllerOutput [%],D-23TIC0204:Measurement [C],D-23TIC0204:InternalSetpoint [C],D-23TIC0204:ControllerOutput [%],D-24TIC0008:Measurement [C],D-24TIC0008:InternalSetpoint [C],D-24TIC0008:ControllerOutput [%],D-20TIC0188:Measurement [C],D-20TIC0188:InternalSetpoint [C],D-20TIC0188:ControllerOutput [%],D-21TIC0406:Measurement [C],D-21TIC0406:InternalSetpoint [C],D-21TIC0406:ControllerOutput [%],D-21TIC0405:Measurement [C],D-21TIC0405:InternalSetpoint [C],D-21TIC0405:ControllerOutput [%],D-24TDIC0040:Measurement [C],D-24TDIC0040:InternalSetpoint [C],D-24TDIC0040:ControllerOutput [%],D-27TIC0204:Measurement [C],D-27TIC0204:InternalSetpoint [C],D-27TIC0204:ControllerOutput [%]
1.0,725604.533624247,864.9885461264241,0.2016976990769453,345095.9336723324,2154.9176292225193,0.020751319877420932,176.3810841143748,1805.6727948681682,10725.036319121396,13863.50360386791,1457.172875784212,180.7584543632061,650.1854675271813,655.8980434830078,0.0,83.66252918660376,80.29600909855687,21.70824309270844,20.989778288524473,21.245272881977105,20.92265728487312,21.30671632660175,20.904678523677784,2.716828208256016,2.75,78.40880648499295,0.8971166479390505,0.9,18.99406699748349,1.8001369394887272,1.8,64.25133430519482,0.799899324370672,0.8,2.0342747531892567,1.8001135814332088,1.8,28.142901520440233,0.9000581727977767,0.9,12.756701490714079,3.0094215186709654,3.0,95.77560815550609,2.0703176763518147,0.9,100.0,2.1731032413110714,2.15,870.6969966445682,44.05403669884485,44.00000000000001,55.376797503120855,59.96526844276781,60.0,45.480184029335135,29.2588636464763,30.0,49.06443353126862,29.94101806303337,30.0,55.02069750764329,52.497111915436506,56.0,14.490126954625232,51.10740148060876,57.30000000000001,0.0,51.107229369485935,57.30000000000001,0.0,34.569414805689235,34.527012743019554,49.623066126529714,24.978893737521616,25.0,25.422586332598517
2.0,725626.8844072969,865.012118455159,0.20168384932743683,345065.2164825082,2154.7506885414173,0.020751156964804215,176.38097186832158,1805.7131687542362,10724.955059190163,13863.47982744783,1457.1507564825274,180.76188392817926,650.2358074959006,655.8469416384614,0.0,83.66254794074857,80.29598680649171,21.70834607307341,20.989909447475217,21.245376991333778,20.922786840468685,21.30676682134553,20.904748561783695,2.7168213159400643,2.75,78.40097395636062,0.8971177915154577,0.9,18.99336168204949,1.800137423294131,1.8,64.25164397825233,0.7998994338090478,0.8,2.034267227113899,1.800113710564186,1.8,28.142952337059352,0.9000581117484052,0.9,12.756715612565053,3.009266594637015,3.0,95.76914898084148,2.070135868920263,0.9,100.0,2.1725940379233903,2.15,870.0190436321676,44.05311945469805,44.00000000000001,55.382013688885166,59.96552554782306,60.0,45.48023858008329,29.26142019207981,30.0,49.05960427879293,29.940778666931863,30.0,55.019865898211094,52.49850844840756,56.0,14.555967186743912,51.103829505101146,57.30000000000001,0.0,51.10361841714956,57.30000000000001,0.0,34.569447275833454,34.52664156131107,49.62140270853385,24.976736438668866,25.0,25.42219003380332
3.0,725644.8680709942,865.0304815329571,0.2016699841580304,345069.3267982657,2154.803441944019,0.020750993796098655,176.38093851108832,1805.6809018602373,10725.361878368583,13863.478344845158,1457.146543924145,180.76476006636278,650.2814303069698,655.78958352002,0.0,83.66246867525842,80.29597179472302,21.708656470607494,20.990312462360535,21.24569902000705,20.923185493721828,21.306953618653818,20.904994823484632,2.716814982101815,2.75,78.39317725205551,0.8971189758881857,0.9,18.992660095301318,1.8001378020557766,1.8,64.25193677528624,0.7998995369489209,0.8,2.034259502548438,1.8001137519856887,1.8,28.142994396538178,0.9000580312169922,0.9,12.756728878210714,3.009112483893649,3.0,95.7627090664362,2.0699549695470867,0.9,100.0,2.172082680980418,2.15,869.3350623722129,44.0521937949322,44.00000000000001,55.38706577882746,59.9654786088318,60.0,45.47968441688519,29.26399892365754,30.0,49.054822999607225,29.94045588842664,30.0,55.01894767859014,52.50099768637449,56.0,14.61847951911564,51.10024952436123,57.30000000000001,0.0,51.10000024171012,57.30000000000001,0.0,34.56952119543445,34.52623512571449,49.61957627674431,24.977166450192954,25.0,25.41980009933726
4.0,725658.1736234786,865.0432666024705,0.2016561051465056,345057.25478718436,2154.753333958545,0.020750830420479746,176.3808288008827,1805.6145347876354,10726.092681017897,13863.4654229708,1457.1261472447998,180.76714914712332,650.3220953918259,655.7262838793562,0.0,83.6623440016617,80.29592645063661,21.709046451747838,20.990866021562518,21.246130439247725,20.92373480182971,21.307269820272964,20.905400090501086,2.7168099452304024,2.75,78.38546589290144,0.8971202163407984,0.9,18.99196352644704,1.8001381402222882,1.8,64.25222337007531,0.7998996363825128,0.8,2.0342516654884477,1.8001136853949478,1.8,28.14302563259574,0.9000579202835887,0.9,12.756740168808411,3.0089592975277526,3.0,95.75629409502024,2.0697749762091,0.9,100.0,2.1715693101974836,2.15,868.6452606811565,44.05126085511245,44.00000000000001,55.39195608763507,59.965519974537415,60.0,45.47930741462359,29.2666092551911,30.0,49.050099423692714,29.94009150605001,30.0,55.017984211274005,52.5045149627951,56.0,14.677837390597912,51.09666185538441,57.30000000000001,0.0,51.09637557652974,57.30000000000001,0.0,34.56972807617143,34.525839452146954,49.61749339565478,24.977534083189994,25.0,25.420001775363275
5.0,725666.838894315,865.0505187430559,0.20164221386760864,345054.6942964485,2154.764144837375,0.02075066687604246,176.38076362031805,1805.549169677513,10726.811947486447,13863.458987177357,1457.1167083673886,180.76899775358737,650.3579128391328,655.65705369043,0.0,83.66216117498124,80.29584443056952,21.70941862427289,20.991408551341383,21.246563951848067,20.92427716686941,21.307650580420884,20.90587270231118,2.7168069173009086,2.75,78.3778877903354,0.897121528138038,0.9,18.991273267366466,1.8001384431393361,1.8,64.25250459481553,0.7998997338402177,0.8,2.0342437733941914,1.8001135304897884,1.8,28.1430479855764,0.9000577726981458,0.9,12.75674838222925,3.0088069911830235,3.0,95.74990197100365,2.0695958885748165,0.9,100.0,2.1710540097769586,2.15,867.949760075008,44.05032043272583,44.00000000000001,55.396682885384095,59.96548775962452,60.0,45.47878282159279,29.269255984462745,30.0,49.04543871280898,29.939740043779864,30.0,55.01703014944166,52.508965025466125,56.0,14.73430790207551,51.09306692182503,57.30000000000001,0.0,51.09274468426173,57.30000000000001,0.0,34.57004555468899,34.52547556262061,49.61523925972562,24.977793279483308,25.0,25.420144749192215
6.0,725670.8661429842,865.0522407161701,0.20162831189367933,345047.09514963796,2154.743196043182,0.020750503206994796,176.38067993343884,1805.491924131763,10727.336618733412,13863.448164420333,1457.1012345786773,180.77031540094507,650.3887922855004,655.5821135549603,0.0,83.66196639382352,80.29573784248261,21.70972939583058,20.9918588272044,21.246925138763324,20.924726904378037,21.308013709373636,20.906323253444548,2.7168063557392337,2.75,78.37047398749911,0.8971229218992658,0.9,18.990590225774135,1.8001387100133106,1.8,64.25278025716679,0.7998998301920494,0.8,2.0342358551432507,1.8001133128111075,1.8,28.143063988645345,0.9000575868222426,0.9,12.756752881251012,3.008655521244387,3.0,95.7435306298002,2.0694177054653706,0.9,100.0,2.1705368433847014,2.15,867.248650313068,44.0493723844764,44.00000000000001,55.401244598307244,59.96548323724477,60.0,45.47831355332988,29.271941495569422,30.0,49.04084363887135,29.939418453183407,30.0,55.01610274337704,52.51423200402195,56.0,14.788222326327599,51.089465111933805,57.30000000000001,0.0,51.089107955528846,57.30000000000001,0.0,34.57039835385757,34.525142371668665,49.612962159840784,24.97795978637356,25.0,25.420181878280356
7.0,725670.2796449822,865.0484617826411,0.20161440079392756,345042.92534220446,2154.7443592884424,0.0207503394534778,176.3806167396548,1805.4432997533897,10727.647038478948,13863.439365851827,1457.0892091219532,180.77110214912352,650.4147448130672,655.5016457285662,0.0,83.66178944467669,80.29561619031679,21.70997242974435,20.992197915373914,21.247198623687673,20.925064202032992,21.308310044403694,20.90669796541637,2.7168084626507962,2.75,78.36323855108124,0.8971244035063908,0.9,18.98991491623077,1.800138940767529,1.8,64.25305028414907,0.7998999259262397,0.8,2.0342279269414005,1.800113054907082,1.8,28.14307588321182,0.9000573644028093,0.9,12.756753489268103,3.0085048473648484,3.0,95.73717816462394,2.0692404250687546,0.9,100.0,2.17001788011857,2.15,866.5420300020218,44.048416822855216,44.00000000000001,55.405640436871984,59.9654538096957,60.0,45.47779408236103,29.27466750478453,30.0,49.03631632313431,29.93913152984271,30.0,55.01520713533476,52.52019321998944,56.0,14.839934814025346,51.08585680789548,57.30000000000001,0.0,51.08546580634976,57.30000000000001,0.0,34.57072500442479,34.524834091467994,49.610774480045876,24.97803648381438,25.0,25.420127983034348
8.0,725665.0978849519,865.0392042888402,0.20160048213416126,345037.1140232599,2154.735235647005,0.020750175657140386,176.3805505492734,1805.4047953424406,10727.785774272897,13863.429108964685,1457.0753780348891,180.77135999616308,650.4372140199594,655.4156345346893,0.0,83.66162638300945,80.29548026073356,21.710152081878686,20.992430606662523,21.24738418495965,20.92529263676001,21.308529702264092,20.906979004713165,2.716813244838923,2.75,78.35618252914279,0.8971259750901476,0.9,18.989247541291096,1.800139138581067,1.8,64.2533151507072,0.7999000214119222,0.8,2.034220001065474,1.8001127746070937,1.8,28.143085444748685,0.900057109391741,0.9,12.756750368792375,3.0083549332095756,3.0,95.73084286425053,2.069064045123936,0.9,100.0,2.1694971888375805,2.15,865.8299977340048,44.047454039571846,44.00000000000001,55.40987019295767,59.96543368440979,60.0,45.47729294758132,29.277435558589048,30.0,49.03185873252472,29.938882658530417,30.0,55.01434709060777,52.526726198723225,56.0,14.889801353849519,51.082242396556865,57.30000000000001,0.0,51.08181862207226,57.30000000000001,0.0,34.570989756472784,34.52454378042978,49.608735434352596,24.97805321720938,25.0,25.419985045313314
9.0,725655.3075052531,865.0244526046005,0.20158655747702542,345032.41006929893,2154.733233603959,0.020750011857586674,176.3804922710648,1805.375422314953,10727.816906654718,13863.419524509047,1457.062423587869,180.77109108576616,650.4529315111298,655.3239399240828,0.0,83.66146700090961,80.29532988901772,21.710289453031397,20.992586143083734,21.247511336707735,20.92544314867855,21.308687246995383,20.90717794530135,2.716820579453806,2.75,78.3492982989025,0.8971276361601533,0.9,18.988588084947175,1.8001393078959014,1.8,64.25357554967275,0.7999001170210865,0.8,2.034212089928851,1.8001124823141599,1.8,28.14309370956002,0.9000568265562922,0.9,12.756743904149461,3.0082057460994847,3.0,95.72452319570425,2.06888856306422,0.9,100.0,2.168974834666096,2.15,865.1126466049465,44.0464842736325,44.00000000000001,55.41393353618448,59.96540493717322,60.0,45.47677418560383,29.28024692051889,30.0,49.02747256365975,29.93867331071118,30.0,55.01352447589565,52.53371385670977,56.0,14.938164102755696,51.078622262539795,57.30000000000001,0.0,51.07816677808108,57.30000000000001,0.0,34.57118221921502,34.52426512602153,49.60685485818776,24.978022060870387,25.0,25.4197823108804
10.0,725640.8924870687,865.0041878736126,0.2015726283816637,345027.2339446262,2154.7282470533364,0.020749848094082007,176.38043420617495,1805.3555636089955,10727.791113308798,13863.40951106986,1457.0490511143855,180.7702939693461,650.4638100662028,655.2265099094163,0.0,83.66130577785012,80.29516581322356,21.710395951502576,20.992688018313157,21.247601460241732,20.92554069227451,21.308802603668255,20.907314987909626,2.7168302778923397,2.75,78.34257381211414,0.8971293847730858,0.9,18.98793640957296,1.8001394523913599,1.8,64.25383205290144,0.799900213034913,0.8,2.0342042029491676,1.8001121849407433,1.8,28.143101367198607,0.9000565209097297,0.9,12.75673456279001,3.008057256431858,3.0,95.71821777571621,2.0687139761160487,0.9,100.0,2.168450879192593,2.15,864.3900645067258,44.04550760004232,44.00000000000001,55.41782965542029,59.96537827835351,60.0,45.476259245009125,29.283102367659183,30.0,49.023159034476635,29.93850235259805,30.0,55.012738541308494,52.54105313833185,56.0,14.98532519512282,51.0749967860196,57.30000000000001,0.0,51.07451064766343,57.30000000000001,0.0,34.571306504732604,34.523993312504274,49.6051163962735,24.977957132140716,25.0,25.41953137515011
11.0,725621.8390186027,864.9783940367296,0.20155869640331064,345022.37829282106,2154.7252843475394,0.02074968440442849,176.38037892387098,1805.345207868822,10727.734314650417,13863.399761380797,1457.0359188195719,180.7689669169603,650.4698300516345,655.1234271317219,0.0,83.66114104738149,80.29498964927697,21.71048264112707,20.992756753612078,21.24767491544764,20.925607396293554,21.30889277689702,20.90741043674432,2.7168421212783396,2.75,78.33599495368709,0.8971312181688385,0.9,18.98729230871036,1.8001395749256985,1.8,64.25408510016737,0.7999003096610772,0.8,2.034196347116982,1.8001118869643145,1.8,28.143108865210497,0.9000561973163582,0.9,12.756722838437001,3.0079094375478053,3.0,95.71192536450634,2.068540281356582,0.9,100.0,2.1679253871003366,2.15,863.6623445037226,44.04452404473497,44.00000000000001,55.421557596208494,59.96534849446971,60.0,45.475737657167784,29.286002107024785,30.0,49.01891879491249,29.93836536056017,30.0,55.011985202876225,52.54864209032934,56.0,15.031585497323762,51.07136634223701,57.30000000000001,0.0,51.07085060903563,57.30000000000001,0.0,34.5713754837185,34.52372488516636,49.60348857165485,24.977868391155027,25.0,25.41924601774185
12.0,725598.3120278631,864.9472664711527,0.20154476308919067,345017.35899004276,2154.721244780931,0.02074952082543574,176.38032365064083,1805.3980040434112,10727.659858898669,13863.38995144669,1457.0225360239788,180.76710780303685,650.4710024041808,655.0148141679052,0.0,83.66097369683389,80.2948051966308,21.710551193560626,20.992801198510342,21.24773654564798,20.925652187192586,21.308966387058145,20.907477283198222,2.7168558806113516,2.75,78.32954688269042,0.8971331331427814,0.9,18.986655537967494,1.8001396776568026,1.8,64.25433501811273,0.7999004070392496,0.8,2.0341885271715343,1.800111592585595,1.8,28.143116624867094,0.9000558604575698,0.9,12.756709211538645,3.007762264491115,3.0,95.70564480396226,2.068367475767973,0.9,100.0,2.1673984127407797,2.15,862.9295637999401,44.043533675148865,44.00000000000001,55.4251165387225,59.965318897778104,60.0,45.47521604908828,29.28894580648722,30.0,49.014751952439795,29.938256622269193,30.0,55.01125903080795,52.55639120633589,56.0,15.07721032517739,51.06773130610105,57.30000000000001,0.0,51.0671870161579,57.30000000000001,0.0,34.57140397854158,34.52345775894821,49.60193840518051,24.977762021755723,25.0,25.418935960667717
13.0,725570.180024077,864.9106495940498,0.20153082998434993,345012.3978299323,2154.7175294982967,0.02074935739256129,176.3802688286135,1805.4158087590495,10727.580078554869,13863.380284046729,1457.0092438598738,180.76473964107677,650.4671487102474,654.900495190641,0.0,83.66080458051886,80.29461560204814,21.71061014929987,20.992833332353683,21.247794108945868,20.92568658386934,21.309028981656976,20.90752621965322,2.7168713278050203,2.75,78.32321476844722,0.8971351262624819,0.9,18.986025833015447,1.8001397617187058,1.8,64.25458196462776,0.7999005051889069,0.8,2.0341807438477675,1.8001113040414953,1.8,28.143124871804282,0.9000555145318682,0.9,12.756694145812327,3.0076157630972955,3.0,95.69937747914592,2.0681955564586243,0.9,100.0,2.166869873828695,2.15,862.1915856759987,44.04253706317766,44.00000000000001,55.42850726228554,59.965288050813285,60.0,45.47469152916948,29.291907285614514,30.0,49.010632504423235,29.938169974523873,30.0,55.01055408280786,52.56422682247921,56.0,15.12241894029783,51.06409202354388,57.30000000000001,0.0,51.06352044198013,57.30000000000001,0.0,34.571406502363686,34.523190731349814,49.60043498691923,24.977645408373576,25.0,25.418607211485966
14.0,725537.390482261,864.8684815349617,0.2015168986293461,345007.3831122192,2154.7134307305846,0.020749194140008125,176.3802138343461,1805.506224687163,10727.50627466513,13863.370688649999,1456.9958503682064,180.7618411860388,650.4583590128098,654.7802767893681,0.0,83.66063495932491,80.29442427267946,21.710660133768652,20.992858811763583,21.247847482684854,20.92571556643329,21.309084247737925,20.907565057880724,2.716888250160622,2.75,78.31698475885636,0.8971371941742344,0.9,18.985402935154326,1.8001398277152976,1.8,64.2548260102519,0.7999006040836854,0.8,2.0341729963496817,1.8001110222475807,1.8,28.143133699828677,0.9000551631278232,0.9,12.756678058086118,3.0074699350237672,3.0,95.69312356644502,2.068024521029171,0.9,100.0,2.1663397581074135,2.15,861.448382768306,44.04153424116142,44.00000000000001,55.43172893241104,59.965257062539706,60.0,45.47416631345619,29.294876622679624,30.0,49.00655060771514,29.93809940819932,30.0,55.0098645105653,52.57207964000122,56.0,15.167418894931787,51.060448898867605,57.30000000000001,0.0,51.05985119339243,57.30000000000001,0.0,34.57139705526373,34.522923350227245,49.59894964477328,24.97752123572951,25.0,25.41826705218756
15.0,725499.8446912104,864.8206457088504,0.20150297056079577,345002.3468922548,2154.709153638473,0.020749031100630293,176.38015858051062,1805.6234365378546,10727.440366555764,13863.361198515371,1456.9824848823362,180.75840742035436,650.4445722253912,654.6542593136611,0.0,83.66046486844154,80.29423205236836,21.71070434108312,20.992882591495412,21.247897900906423,20.925743481281113,21.309134725734186,20.907598811777312,2.7169064530083618,2.75,78.31084416048533,0.8971393336556844,0.9,18.984786595735073,1.8001398756123093,1.8,64.25506711910768,0.7999007036371816,0.8,2.034165281870354,1.8001107472935534,1.8,28.143143120190462,0.9000548091982733,0.9,12.756661305390898,3.007324768956456,3.0,95.68688259210118,2.0678543671768934,0.9,100.0,2.165808115434125,2.15,860.7000250258454,44.04052497083787,44.00000000000001,55.43477986706606,59.96522594736501,60.0,45.47364042907167,29.29784604553089,30.0,49.00249849102172,29.93804028659366,30.0,55.00918579182559,52.579897227457195,56.0,15.212368188014718,51.056802325442106,57.30000000000001,0.0,51.0561795513554,57.30000000000001,0.0,34.571386224968705,34.52265579603693,49.59746158840406,24.97739537100898,25.0,25.417918091900788
16.0,725457.5955322768,864.767205426607,0.2014890473078577,344997.3079720426,2154.7048293292737,0.02074886830590774,176.3801032614999,1805.7787499074159,10727.384514197867,13863.351825239723,1456.9690681011627,180.754426042275,650.4264031000295,654.5228070344738,0.0,83.66029555764214,80.29404138388817,21.710742667099915,20.992906751512077,21.247945322557605,20.925772252406592,21.309182317201927,20.907630962974377,2.716925761880923,2.75,78.30478158796295,0.8971415416792975,0.9,18.984176581502638,1.8001399054862632,1.8,64.25530527391045,0.7999008038047338,0.8,2.0341575989892884,1.8001104783288409,1.8,28.143153049828822,0.900054455027605,0.9,12.756644182168667,3.007180228174807,3.0,95.6806528069319,2.0676850923955983,0.9,100.0,2.165275090041986,2.15,859.9467306112637,44.03950890047917,44.00000000000001,55.43765799106182,59.965195234589316,60.0,45.473114939981464,29.30082487929775,30.0,48.998485573581554,29.937989239440185,30.0,55.00851463706651,52.5876301424164,56.0,15.257416840288773,51.05315268377359,57.30000000000001,0.0,51.05250573851811,57.30000000000001,0.0,34.571381735571265,34.5223885388105,49.595956188810874,24.977268057353285,25.0,25.41756618089035
17.0,725410.725919497,864.7082596052816,0.2014751303912942,344992.2392906015,2154.700291389306,0.02074870578594299,176.38004769662535,1805.924212843675,10727.338786401653,13863.342546527643,1456.955663615647,180.74990486281746,650.402490988216,654.3861844499389,0.0,83.6601277630486,80.29385367082669,21.7107801510713,20.992934545590927,21.247991700475428,20.925804460607964,21.30922880385877,20.90766431785742,2.7169460233107032,2.75,78.2987870217951,0.8971438154516584,0.9,18.983572677935957,1.800139916807587,1.8,64.25554035547705,0.7999009044784647,0.8,2.0341499441668147,1.8001102136552725,1.8,28.143163320357072,0.9000541022279039,0.9,12.7566269167777,3.0070362744220613,3.0,95.67443237963101,2.0675166937264673,0.9,100.0,2.164740839165796,2.15,859.1887388212053,44.03848615733658,44.00000000000001,55.44036268523453,59.96516564358029,60.0,45.47259129987782,29.303824430521615,30.0,48.99452336911064,29.937943307353635,30.0,55.0078481380535,52.595238204769714,56.0,15.302687889133438,51.049500317403215,57.30000000000001,0.0,51.04883006795308,57.30000000000001,0.0,34.5713899929969,34.5221221784027,49.59442159685211,24.977144085982673,25.0,25.417211547808183
18.0,725359.2882940866,864.6438708606894,0.20146122132365984,344987.19613994635,2154.6959051233907,0.020748543569403022,176.37999230838997,1806.044530844549,10727.298341696729,13863.333393965493,1456.942209407854,180.74485362752282,650.3740571104405,654.2443199676206,0.0,83.65996207912744,80.29366994374897,21.710815909324783,20.992963399385406,21.24803389917565,20.92583697526151,21.309273916941333,20.907698490586828,2.7169671032270544,2.75,78.29285170582455,0.8971461524019725,0.9,18.98297468835156,1.8001399089873906,1.8,64.25577223375666,0.7999010055596677,0.8,2.0341423141579877,1.8001099520728003,1.8,28.143173812800796,0.9000537519448891,0.9,12.756609670883567,3.006892875920402,3.0,95.66821979842588,2.0673491678134313,0.9,100.0,2.1642054927250247,2.15,858.4262469487761,44.03745721446121,44.00000000000001,55.442894438777635,59.965137746570406,60.0,45.47207067581232,29.30685536885528,30.0,48.990622861132856,29.937900948330423,30.0,55.007184788513584,52.602692432389176,56.0,15.348271357627269,51.045845554197285,57.30000000000001,0.0,51.04515290473313,57.30000000000001,0.0,34.57141438943728,34.521857568120424,49.592852446980466,24.977022493857646,25.0,25.416859017297398
19.0,725303.2814595149,864.5740379038991,0.20144732160991954,344982.13323493546,2154.6913890522037,0.02074838168354593,176.37993689401014,1806.1402448586903,10727.259619022363,13863.324329687332,1456.9288080798312,180.7392781508454,650.3409123747139,654.0969811599869,0.0,83.65979876378388,80.29349055461147,21.710851578576847,20.992993013163332,21.248073132570575,20.92586953088167,21.30931704683902,20.907732781086814,2.716988881206253,2.75,78.28696776692806,0.8971485500812783,0.9,18.98238242553851,1.800139881362475,1.8,64.25600076520817,0.7999011069518781,0.8,2.0341347057818764,1.800109692175291,1.8,28.143184387108295,0.900053404911452,0.9,12.756592559897047,3.0067500071817097,3.0,95.66201386248872,2.0671825110226263,0.9,100.0,2.1636691530851304,2.15,857.659409767093,44.036422497116945,44.00000000000001,55.445253661312364,59.96511262595959,60.0,45.47155526960348,29.309925415353234,30.0,48.986792161784344,29.937861177454636,30.0,55.00652362941234,52.60996439855927,56.0,15.3942561711458,51.042188721591685,57.30000000000001,0.0,51.04147462491159,57.30000000000001,0.0,34.5714562722265,34.521595453287205,49.5912472353568,24.97690662728354,25.0,25.416507650110947
20.0,725242.686552322,864.4987384246231,0.20143343274738823,344977.1162027872,2154.6871744358946,0.020748220154158715,176.3798819364286,1806.217408570093,10727.215234600257,13863.315391207414,1456.9153390815106,180.73317815507514,650.302877028225,653.9440823804671,0.0,83.65963779963494,80.29331527853259,21.710884442683355,20.99301876987584,21.248105974486872,20.92589737705787,21.30935590950033,20.907764211400256,2.717011246194748,2.75,78.2811279319821,0.8971510060866555,0.9,18.98179570545513,1.800139833346779,1.8,64.25622581817015,0.7999012085776185,0.8,2.034127116481847,1.8001094334330416,1.8,28.14319499069437,0.9000530616651092,0.9,12.756575658190489,3.006607647502454,3.0,95.65581360734573,2.067016719554145,0.9,100.0,2.1631319019143302,2.15,856.8883501351883,44.03538216320755,44.00000000000001,55.447439984065326,59.965090986293205,60.0,45.47104653675461,29.313038884996388,30.0,48.98303602027746,29.937823343428477,30.0,55.005864028820476,52.61703155553312,56.0,15.440714069113598,51.038530150858946,57.30000000000001,0.0,51.03779560198052,57.30000000000001,0.0,34.57151702882243,34.52133652974021,49.589604265089314,24.976795025119486,25.0,25.41616084980968
21.0,725177.5031475668,864.4179721160841,0.20141955622490637,344972.0839090215,2154.6828768801643,0.020748059005605363,176.37982712151347,1806.2811271294095,10727.164541343282,13863.3065290518,1456.9019463835414,180.72655123888862,650.2598992807693,653.785745083634,0.0,83.65947920920148,80.29314390509956,21.710915805449908,20.993041656724674,21.24813462914472,20.925921742626,21.309389850704243,20.907791975462327,2.7170340921013874,2.75,78.27532523511393,0.8971535179799935,0.9,18.981214340449963,1.8001397645066686,1.8,64.25644728566284,0.7999013103839622,0.8,2.034119544513744,1.800109174724222,1.8,28.143205511387144,0.9000527224951775,0.9,12.756559020777914,3.006465780523497,3.0,95.64961828347059,2.066851789507329,0.9,100.0,2.1625938043681923,2.15,856.1131654504318,44.03433623745589,44.00000000000001,55.44945264242872,59.96507404639027,60.0,45.47054697756728,29.31619731935342,30.0,48.97935642782803,29.93778729002196,30.0,55.005205848314176,52.623880813389974,56.0,15.487688679275227,51.03487017741867,57.30000000000001,0.0,51.03411620121807,57.30000000000001,0.0,34.5715960347228,34.52108153900946,49.58792598191279,24.976690302222664,25.0,25.415817197896818
22.0,725107.7699623948,864.3317853550469,0.20140569352198162,344967.11107743613,2154.6789841309924,0.020747898260766243,176.37977294974954,1806.3361209054133,10727.109247260072,13863.297786515237,1456.8884520623985,180.719397099351,650.2119559978099,653.622103174108,0.0,83.65932282468323,80.29297591275477,21.710944970756977,20.99306128818465,21.248159023646174,20.92594229018763,21.30941878284394,20.90781576408365,2.717057320669877,2.75,78.26955321093988,0.8971560833555273,0.9,18.980638144898755,1.8001396744948563,1.8,64.2566650745189,0.7999014123288184,0.8,2.0341119884899306,1.8001089149465954,1.8,28.143215838606693,0.9000523875068884,0.9,12.756542677949803,3.006324393825917,3.0,95.64342733662296,2.0666877169258306,0.9,100.0,2.1620549154182447,2.15,855.3339374839422,44.033284798462844,44.00000000000001,55.451291045218994,59.965062444887906,60.0,45.47005794049439,29.319400253525032,30.0,48.97575336453489,29.93775305751916,30.0,55.00454914638656,52.63049758066387,56.0,15.535228425840259,51.031209139409725,57.30000000000001,0.0,51.03043677908812,57.30000000000001,0.0,34.57169161152956,34.520831079999425,49.58621669964861,24.976589896772566,25.0,25.41547937802222
23.0,725033.508921203,864.240204513533,0.20139184610864044,344962.1213836731,2154.6750115180207,0.02074773794111161,176.37971899608812,1806.3861136694966,10727.05084250974,13863.28910951558,1456.8750697959565,180.7117197148826,650.1590372987815,653.4531606795839,0.0,83.65916853823498,80.29281091562378,21.710973737496893,20.993078862073663,21.248180599740206,20.92596013215178,21.309443408432205,20.907836070976096,2.7170808417415127,2.75,78.26380591388036,0.8971586998555114,0.9,18.980066936523965,1.8001395631370487,1.8,64.25687912011271,0.7999015143902745,0.8,2.0341044476929406,1.8001086528826098,1.8,28.143225849835662,0.9000520566425255,0.9,12.75652664162319,3.0061834777552723,3.0,95.63724034944563,2.066524497844153,0.9,100.0,2.1615152841095333,2.15,854.550739002151,44.032228142027805,44.00000000000001,55.452955297218054,59.96505733827985,60.0,45.469581825122006,29.32264587041965,30.0,48.97222544013371,29.93772040989444,30.0,55.00389370286077,52.63687125139188,56.0,15.583369988628393,51.027547376197106,57.30000000000001,0.0,51.026757682769414,57.30000000000001,0.0,34.57180314522441,34.52058555833645,49.5844782371952,24.976496396864093,25.0,25.41514487153985
24.0,724954.7032590455,864.1432098388694,0.20137801544558936,344957.20382698614,2154.6715357734906,0.020747578066645577,176.37966583584577,1806.4340146416112,10726.991049018674,13863.280548437346,1456.8615355171157,180.70352132208734,650.1011209046184,653.2788364969476,0.0,83.65901640276962,80.2926488664302,21.711002794482628,20.993095471862407,21.248200908953663,20.925976526168856,21.309464622952802,20.90785377717759,2.717104574512435,2.75,78.25807800405572,0.8971613652066712,0.9,18.979500539455803,1.8001394303561558,1.8,64.25708937389084,0.7999016165536913,0.8,2.0340969216461344,1.8001083872412293,1.8,28.143235414778033,0.900051729704311,0.9,12.756510907401076,3.0060430250090744,3.0,95.63105702116476,2.066362128305596,0.9,100.0,2.160974954850439,2.15,853.7636357579958,44.031166487198455,44.00000000000001,55.454445305809784,59.965059090111026,60.0,45.469119449985854,29.325931491631195,30.0,48.96877037626157,29.937689324437258,30.0,55.00323951064797,52.642998076165384,56.0,15.632129552784574,51.02388522594964,57.30000000000001,0.0,51.023079251706406,57.30000000000001,0.0,34.571928944320405,34.52034548191,49.5827148169021,24.976407147354337,25.0,25.414816335600023
25.0,724871.3530764257,864.0408016883662,0.2013642029839015,344952.2752560015,2154.6680266387098,0.02074741865600729,176.37961304879875,1806.481440364569,10726.934401451239,13863.272045659243,1456.8481691870084,180.69480003462965,650.0400907935701,653.0990991463365,0.0,83.6588664164125,80.29248969450083,21.71103406043,20.993113816435116,21.24822232961297,20.925994221599705,21.30948404432783,20.90787077520499,2.7171284499503403,2.75,78.25236491101616,0.8971640772832571,0.9,18.97893878952775,1.8001392761037585,1.8,64.25729579199752,0.7999017188013221,0.8,2.0340894097673083,1.800108116365027,1.8,28.143244365946135,0.9000514063254462,0.9,12.756495456814394,3.005903030432201,3.0,95.62487715765893,2.0662006043701013,0.9,100.0,2.160433970367017,2.15,852.9726910983098,44.030099863181995,44.00000000000001,55.455760413237684,59.965068693863884,60.0,45.46867290674308,29.329254026328385,30.0,48.96538545122204,29.937659710413868,30.0,55.00258649372872,52.648872005475766,56.0,15.681530324743909,51.02022302454964,57.30000000000001,0.0,51.01940182260324,57.30000000000001,0.0,34.57206694339578,34.5201111548036,49.5809310487667,24.97632414031216,25.0,25.414491157563802
26.0,724783.4628952212,863.9329856999395,0.2013504101645443,344947.41976627696,2154.6650246555296,0.020747259726435593,176.3795611111359,1806.5303056915136,10726.881311683572,13863.263650409355,1456.8345675276234,180.6855554913587,649.9729160135978,652.9140153648724,0.0,83.65871858662494,80.29233338117339,21.71106598199255,20.99313323326209,21.248244203923278,20.92601269426401,21.309502418276935,20.907887726022533,2.7171524118975046,2.75,78.24666291013766,0.8971668341460588,0.9,18.978381537579576,1.800139100393704,1.8,64.25749834097795,0.7999018211191475,0.8,2.0340819115969504,1.800107839023169,1.8,28.143252578101404,0.9000510860674193,0.9,12.756480254369729,3.005763490172214,3.0,95.6187006294057,2.066039922130512,0.9,100.0,2.159892373474952,2.15,852.177968732974,44.0290283475804,44.00000000000001,55.45690011856996,59.96508631124016,60.0,45.46824262564549,29.33261015915639,30.0,48.96206768564161,29.93763121741125,30.0,55.00193431290021,52.65448931896003,56.0,15.731588597911916,51.01656110531678,57.30000000000001,0.0,51.01572572757493,57.30000000000001,0.0,34.572216555342436,34.51988279729727,49.57912843469983,24.976244855067762,25.0,25.41417139192475
27.0,724691.0488184815,863.8197813168156,0.20133663841788746,344942.54863207246,2154.6619581272685,0.020747101293891776,176.3795095502346,1806.5814484299506,10726.832888248733,13863.255307099787,1456.8212174747766,180.67578790402422,649.9008839197886,652.7236640204634,0.0,83.65857313046996,80.29218027645311,21.71110041399292,20.993155478797753,21.24826848398698,20.92603378577841,21.309520779558095,20.90790585021413,2.7171764155070677,2.75,78.24096902088789,0.8971696340273997,0.9,18.977828648254484,1.8001389033148294,1.8,64.25769700002357,0.7999019234940589,0.8,2.0340744267044455,1.8001075537759181,1.8,28.14325990463495,0.9000507683910831,0.9,12.756465257256181,3.005624401478665,3.0,95.6125273616003,2.0658800777107076,0.9,100.0,2.1593502065014705,2.15,851.3795318291042,44.02795204645331,44.00000000000001,55.45786402215668,59.96511253355419,60.0,45.46782990405428,29.335996559098874,30.0,48.95881405117508,29.93760368044849,30.0,55.00128281274195,52.65984850433716,56.0,15.782314071693781,51.012899798756905,57.30000000000001,0.0,51.01205129295465,57.30000000000001,0.0,34.5723763640172,34.51966069365335,49.57731029665518,24.976171389934336,25.0,25.41385455523103
28.0,724594.1247709634,863.7012053825383,0.2013228891634878,344937.7479966034,2154.6593758769895,0.020746943373043388,176.3794588137798,1806.6361117400925,10726.785935597212,13863.247063874325,1456.8075695338966,180.66549880931709,649.8240072195063,652.5280657460285,0.0,83.65842998496524,80.29203031705258,21.71113455376762,20.99317747800113,21.24829200084209,20.926054331822044,21.30953845442872,20.90792407546025,2.7172004255848123,2.75,78.23528089842304,0.8971724753127416,0.9,18.977279998508735,1.8001386849179826,1.8,64.25789174207908,0.7999020259020386,0.8,2.034066954292886,1.80010726011396,1.8,28.143266291810466,0.9000504528123147,0.9,12.756450412419584,3.0054857624534557,3.0,95.60635732179169,2.0657210672638255,0.9,100.0,2.1588075126716304,2.15,850.5774451818106,44.02687112178912,44.00000000000001,55.45865191643249,59.965147117652236,60.0,45.4674343671524,29.339410006401238,30.0,48.955621598541455,29.937576991552078,30.0,55.00063189376105,52.66495251194709,56.0,15.833702998625048,51.00923943198859,57.30000000000001,0.0,51.00837884019376,57.30000000000001,0.0,34.57254465606985,34.519445023276035,49.57548037913937,24.97610086171261,25.0,25.413542803996947
29.0,724492.6793638199,863.5772445660131,0.20130916381012018,344932.9414566823,2154.6567913037147,0.020746785977404134,176.37940851157768,1806.6941637599105,10726.741572976296,13863.238872941694,1456.7940994539217,180.65468952670543,649.7422942669697,652.3272015053914,0.0,83.65828912951525,80.29188341422486,21.71117035161089,20.993201130227458,21.248317200284845,20.926076460362832,21.309555885123302,20.907942962162846,2.717224413241579,2.75,78.22959661181673,0.8971753564869736,0.9,18.976735473163338,1.8001384453593463,1.8,64.25808255790528,0.7999021283297948,0.8,2.034059493921402,1.8001069570430823,1.8,28.143271637070384,0.9000501388052974,0.9,12.756435672146848,3.00534757205279,3.0,95.60019052009908,2.065562886965863,0.9,100.0,2.158264336861867,2.15,849.7717764002105,44.025785732522834,44.00000000000001,55.45926360851205,59.9651903154371,60.0,45.46705663359462,29.342847494210105,30.0,48.95248756129242,29.937550984497364,30.0,54.99998139655131,52.66980097861983,56.0,15.88576157903443,51.00558032869509,57.30000000000001,0.0,51.00470868757873,57.30000000000001,0.0,34.572721124918814,34.5192358336742,49.57363935641289,24.97603570621402,25.0,25.413233284392344
30.0,724386.7459881356,863.4479389154433,0.20129546375530732,344928.22241877974,2154.6548092012663,0.020746629119342195,176.37935912256987,1806.7560511806118,10726.699393578916,13863.230775094824,1456.7805813886464,180.6433587588349,649.6557490292691,652.1210727276266,0.0,83.65815064303682,80.29173968042981,21.711206065031135,20.993224855041124,21.24834170945383,20.926098381949274,21.309572804467575,20.907961974602056,2.717248357209037,2.75,78.2239147334715,0.8971782761737427,0.9,18.976194968220135,1.8001381848268503,1.8,64.25826944386735,0.799902230767411,0.8,2.034052045260543,1.8001066440863314,1.8,28.143275889424064,0.9000498258901946,0.9,12.756420984380219,3.0052098295442513,3.0,95.59402698210883,2.0654055330208103,0.9,100.0,2.1577207241701495,2.15,848.9625936744551,44.024695954155185,44.00000000000001,55.45969866653236,59.96524295323144,60.0,45.46669848189305,29.34630624708126,30.0,48.949409376634385,29.93752747101223,30.0,54.999333157776306,52.6743943196463,56.0,15.938493669562115,51.00192280842231,57.30000000000001,0.0,51.00104114935192,57.30000000000001,0.0,34.57290560584039,34.51903330634087,49.5717878939131,24.975973301475562,25.0,25.4129284859559
31.0,724276.3188135031,863.3132817181926,0.2012817903852544,344923.51400439616,2154.652932841121,0.02074647281024401,176.37931029529153,1806.8216982213783,10726.658041229177,13863.222727584443,1456.7670054569082,180.63150944601654,649.5643816600052,651.9097270021424,0.0,83.65801446798265,80.2915989919416,21.71124096071815,20.993247707303205,21.24836582491698,20.926119511171844,21.309588931314696,20.90798046624644,2.7172722405693506,2.75,78.21823412206335,0.8971812330794884,0.9,18.975658386221024,1.800137903543627,1.8,64.2584524025695,0.7999023332003349,0.8,2.0340446078247103,1.8001063209855497,1.8,28.14327901967441,0.9000495136479797,0.9,12.7564063015,3.0050725344554983,3.0,95.58786674634555,2.065249001654287,0.9,100.0,2.1571767207909396,2.15,848.1499671485591,44.0236019498293,44.00000000000001,55.45995694602911,59.965305825999735,60.0,45.46636163844296,29.349783730672243,30.0,48.94638469753209,29.9375060000678,30.0,54.99868674683256,52.67873408953295,56.0,15.991899678111487,50.998267186906844,57.30000000000001,0.0,50.99737653488228,57.30000000000001,0.0,34.573096474139334,34.51883745972947,49.56992928380419,24.975915542229018,25.0,25.412625814232197
32.0,724161.4104540477,863.173288251144,0.20126814507448562,344918.8436274652,2154.6513192008338,0.020746317060572613,176.37926225602288,1806.890957935776,10726.61729583929,13863.21478772343,1456.7534678651639,180.61914092351057,649.4682023785,651.6932088743855,0.0,83.65788047483161,80.29146109035793,21.711274414734692,20.993269314024964,21.248388748480085,20.92613942397971,21.309604065052373,20.9079980744019,2.7172960494541596,2.75,78.21255383648487,0.8971842259744921,0.9,18.975125634686467,1.8001376018056412,1.8,64.25863144924794,0.799902435621579,0.8,2.0340371813796905,1.800105987517241,1.8,28.143281002015954,0.9000492017101721,0.9,12.756391581827842,3.004935686556079,3.0,95.58170986339626,2.0650932891089373,0.9,100.0,2.1566323747641287,2.15,847.3339701002302,44.022503810927724,44.00000000000001,55.46003810096355,59.965377828026305,60.0,45.466044013536454,29.353277664822713,30.0,48.94341140833079,29.937485625965962,30.0,54.99804122899037,52.682825587027764,56.0,16.045968673886495,50.99461377585817,57.30000000000001,0.0,50.993715151087656,57.30000000000001,0.0,34.573292850656685,34.51864826170839,49.568065242948364,24.97586016002191,25.0,25.412327210407938
33.0,724042.0567549405,863.0280014758825,0.20125452918549588,344914.1432951897,2154.6495057849243,0.02074616188001849,176.37921442092096,1806.9632503619434,10726.579500744414,13863.206873943021,1456.7398198955254,180.60625424324007,649.3672229510598,651.4715480049973,0.0,83.65774874184208,80.29132607014523,21.711307322638557,20.993290725353674,21.24841170695919,20.926159281459338,21.3096186348336,20.90801521473863,2.717319773784285,2.75,78.20687318600086,0.8971872537160185,0.9,18.97459662806812,1.800137279976844,1.8,64.25880661107648,0.7999025380312418,0.8,2.0340297659274755,1.8001056432639917,1.8,28.14328179111235,0.90004888971826,0.9,12.75637678861714,3.0047992859519757,3.0,95.57555640068443,2.064938391637623,0.9,100.0,2.156087733893521,2.15,846.5146756872676,44.02140167170485,44.00000000000001,55.45994193405066,59.96545765775244,60.0,45.46574310842542,29.356785981992118,30.0,48.94048758532011,29.93746619337486,30.0,54.997396458333014,52.6866715799228,56.0,16.100697263602928,50.99096288322204,57.30000000000001,0.0,50.990057300275396,57.30000000000001,0.0,34.57349325495238,34.51846575202376,49.566198864929135,24.975809235630663,25.0,25.412030429801057
34.0,723918.2021238009,862.87735533334,0.2012409440691406,344909.4920541224,2154.6479794185234,0.02074600727755346,176.3791672601782,1807.038502509324,10726.54682483737,13863.199055892203,1456.726271768824,180.5928527473559,649.2614574276752,651.2447566475211,0.0,83.65761924141417,80.291193870479,21.711339850555824,20.99331243718361,21.24843458272965,20.926179473007828,21.309633232726625,20.90803241675484,2.7173434086621153,2.75,78.20119182422557,0.8971903152848314,0.9,18.97407129082609,1.8001369383787769,1.8,64.2589779086966,0.7999026404211894,0.8,2.034022361194751,1.8001052878037116,1.8,28.143281341018916,0.9000485773207006,0.9,12.756361885998684,3.0046633327462273,3.0,95.56940642550066,2.064784305506686,0.9,100.0,2.1555428467766173,2.15,845.692158560734,44.020295712669196,44.00000000000001,55.459668413844064,59.96554338536521,60.0,45.4654551421225,29.360306804195886,30.0,48.93761147556584,29.937448041485652,30.0,54.99675278685867,52.690276075798124,56.0,16.156078254460997,50.98731481290537,57.30000000000001,0.0,50.98640328071082,57.30000000000001,0.0,34.573696328343146,34.5182898796254,49.564332844376544,24.97576008391053,25.0,25.411737597766116
35.0,723789.9460615871,862.7214686765611,0.20122739106359183,344904.8317345443,2154.646348669325,0.02074585326161139,176.37912037331765,1807.1157306762664,10726.519569445214,13863.191280650393,1456.7126052973965,180.57893113066166,649.1509091206901,651.0128407025779,0.0,83.65749200115883,80.29106453331843,21.71137207139034,20.99333455442661,21.24845788247636,20.926200231394617,21.3096481802394,20.90804996049206,2.717366954343644,2.75,78.19550974840384,0.8971934097882239,0.9,18.97354955771664,1.800136577372023,1.8,64.25914536985766,0.7999027427875154,0.8,2.034014967048674,1.8001049207844904,1.8,28.14327961269163,0.9000482641794484,0.9,12.75634683868298,3.004527827038533,3.0,95.56326000498241,2.064631026992009,0.9,100.0,2.1549977604209647,2.15,844.8664911322193,44.019185955567366,44.00000000000001,55.45921703587368,59.96563411078483,60.0,45.46517838110556,29.36383843176651,30.0,48.934781487454124,29.937431333588677,30.0,54.99611039229758,52.693644857490085,56.0,16.212099012235313,50.98366986434047,57.30000000000001,0.0,50.98275339204389,57.30000000000001,0.0,34.57390227346514,34.51812048731796,49.562466533794726,24.975715082176578,25.0,25.411446046885082
36.0,723657.2013409027,862.5602377430392,0.20121387149521416,344900.2185821519,2154.6449566664287,0.020745699840168157,176.3790741106911,1807.195657426925,10726.497889977836,13863.183593760841,1456.6990770483612,180.56449835317258,649.0355958794604,650.7758487756208,0.0,83.65736716730245,80.2909383157356,21.711403748312726,20.993356846614255,21.24848133839483,20.92622131971449,21.309663573302824,20.90806788098953,2.717390415129573,2.75,78.18982722638347,0.8971965364475021,0.9,18.97303137278079,1.8001361973030026,1.8,64.25930902052592,0.7999028451237087,0.8,2.034007583268863,1.8001045419578023,1.8,28.143276577342093,0.9000479499794523,0.9,12.756331612617569,3.0043927689976164,3.0,95.55711720974179,2.0644785523742413,0.9,100.0,2.154452523213805,2.15,844.0377482211046,44.018072647837776,44.00000000000001,55.45858800986059,59.96572837973741,60.0,45.46490996407388,29.367379270826234,30.0,48.93199611922211,29.93741639239221,30.0,54.99546961502504,52.696785114575675,56.0,16.268742538687032,50.98002833442496,57.30000000000001,0.0,50.97910792259614,57.30000000000001,0.0,34.57411047511391,34.51795757810976,49.56060125414069,24.97567188786587,25.0,25.411158195972895
37.0,723520.0871524492,862.3938048402754,0.2012003866771663,344895.6060149562,2154.643487737675,0.02074554702091338,176.37902813659252,1807.2778767003201,10726.481258481279,13863.175952789368,1456.6854085078946,180.54954630705905,648.9155255410967,650.533800466073,0.0,83.65724475108145,80.29081525370908,21.711434490202308,20.99337879671328,21.24850440257381,20.926242186971766,21.309679274993375,20.908085927658476,2.7174137983785496,2.75,78.18414473151046,0.8971996945793078,0.9,18.972516687814412,1.8001357984616722,1.8,64.2594688777403,0.7999029474154353,0.8,2.0340002093725773,1.80010415122979,1.8,28.143272221617444,0.9000476344440779,0.9,12.756316175944441,3.004258158830003,3.0,95.55097811230974,2.0643268779373884,0.9,100.0,2.1539071834424885,2.15,843.2060047421852,44.01695578585959,44.00000000000001,55.45778079180496,59.965825422918044,60.0,45.46464838940739,29.370927876266194,30.0,48.92925400342474,29.937403372427127,30.0,54.99483062878423,52.69970504546205,56.0,16.325988645118656,50.9763905148896,57.30000000000001,0.0,50.97546716204084,57.30000000000001,0.0,34.57432000059271,34.517801026642644,49.558738720769874,24.975632436889043,25.0,25.410871720540847
38.0,723378.5044442175,862.2220520997752,0.201186937910529,344891.0426622365,2154.6422394429583,0.020745394811339322,176.37898279895455,1807.3619075480226,10726.469568253457,13863.168401427622,1456.6719317272539,180.53408582669468,648.7907149306046,650.2867450446488,0.0,83.65712473923998,80.29069532354238,21.711464259370047,20.993400283176072,21.248526806569707,20.9262626549892,21.309695080707915,20.908103891456363,2.717437113478535,2.75,78.17846287450472,0.8972028835827097,0.9,18.972005461315323,1.8001353811626508,1.8,64.25962496317449,0.7999030496528415,0.8,2.033992845025322,1.800103748527512,1.8,28.143266534232147,0.9000473173280059,0.9,12.756300500555028,3.004123996680272,3.0,95.5448427821399,2.0641759999693403,0.9,100.0,2.1533617897356745,2.15,842.3713363968283,44.015835631350505,44.00000000000001,55.45679567298028,59.96592399915693,60.0,45.46439119520725,29.374482933477736,30.0,48.92655388997106,29.937392345217802,30.0,54.99419352502708,52.70241591108919,56.0,16.383807730015462,50.97275669444116,57.30000000000001,0.0,50.97183139097291,57.30000000000001,0.0,34.57453115553727,34.517650681095176,49.556878110296964,24.97559473734242,25.0,25.41058859393291
39.0,723232.5866911414,862.0451388498178,0.2011735264828026,344886.4814201092,2154.6408958194575,0.020745243218906965,176.37893771780037,1807.4476370781879,10726.462401299785,13863.160893560776,1456.6582731607414,180.51810779473757,648.6611740922871,650.0346846600094,0.0,83.65700724139505,80.2905786991198,21.711492556148613,20.993420697025957,21.248548312060166,20.926282198413293,21.309710698502784,20.90812135250593,2.7174603713641186,2.75,78.17278237162455,0.8972061029281525,0.9,18.971497657582265,1.8001349457274154,1.8,64.25977730018096,0.7999031518282229,0.8,2.033985489963393,1.8001033339378456,1.8,28.143259519911464,0.9000469984339187,0.9,12.756284561390501,3.0039902829103706,3.0,95.5387112996046,2.0640259147563467,0.9,100.0,2.1528163899074895,2.15,841.5338178627239,44.01471219335523,44.00000000000001,55.455632187997736,59.966023538831564,60.0,45.464137255074284,29.378043209789723,30.0,48.92389459838095,29.937383588805744,30.0,54.99355860450308,52.70492607574471,56.0,16.442178714534013,50.969127156480795,57.30000000000001,0.0,50.968200891948925,57.30000000000001,0.0,34.574743425082886,34.51750648701227,49.55502044427851,24.975561041130163,25.0,25.410306841759706
40.0,723082.2537305896,861.8629697345026,0.20116015366903134,344881.9698684583,2154.6397520408213,0.02074509225112871,176.3788932337257,1807.5347060145655,10726.461136071419,13863.153473358354,1456.6448824980278,180.5016242740195,648.5269190280218,649.777664239591,0.0,83.6568922189907,80.29046530386508,21.71151998011311,20.993440658489384,21.24856874894912,20.92630121287643,21.309726240965492,20.908138483423823,2.7174835841023217,2.75,78.16710401730528,0.8972093521551657,0.9,18.970993246543134,1.8001344924272462,1.8,64.25992590419816,0.799903253928013,0.8,2.0339781437261744,1.8001029073795862,1.8,28.14325116654539,0.9000466775758781,0.9,12.756268338126416,3.0038570178536976,3.0,95.53258374369507,2.063876618588866,0.9,100.0,2.152271031877182,2.15,840.6935242313954,44.01358573021072,44.00000000000001,55.454290658095815,59.9661230360054,60.0,45.463884556568686,29.381607566168725,30.0,48.921275030421626,29.93737742699483,30.0,54.99292621696211,52.707243956610284,56.0,16.50108019280508,50.965502181621844,57.30000000000001,0.0,50.964575937157576,57.30000000000001,0.0,34.574956019728575,34.51736832208866,49.55316717118712,24.97552867248811,25.0,25.410028755958752
41.0,722927.5488144333,861.675596518233,0.2011468207309587,344877.4731649568,2154.638576761273,0.02074494191571773,176.37884906318172,1807.62327059609,10726.464469700471,13863.146101685048,1456.6312495567736,180.48462794808515,648.3879619058733,649.515693776233,0.0,83.65677976697343,80.29035528254776,21.71154561857966,20.99345916324945,21.248587858648953,20.926318875616662,21.309741413866153,20.908154810058292,2.717506765042937,2.75,78.16142869446696,0.8972126308732777,0.9,18.970492203850604,1.80013402157161,1.8,64.26007079754481,0.7999033559455481,0.8,2.0339708060824044,1.8001024690929992,1.8,28.143241494251015,0.9000463546258893,0.9,12.756251811514318,3.003724201803268,3.0,95.52646019142404,2.063728107761358,0.9,100.0,2.151725762680082,2.15,839.850529458219,44.01245627908463,44.00000000000001,55.452770746580235,59.966222233092765,60.0,45.46363258051799,29.38517491429735,30.0,48.918694127693236,29.9373739463137,30.0,54.99229647574412,52.70937852553811,56.0,16.56048891551083,50.961882045089055,57.30000000000001,0.0,50.960956799885935,57.30000000000001,0.0,34.57516941194115,34.51723600440141,49.55131708323668,24.97550004497168,25.0,25.40975167404158
42.0,722768.4864331259,861.4830366789785,0.2011335289170463,344873.02668989496,2154.6375920550636,0.020744792220666688,176.37880552402137,1807.712853408417,10726.47478311933,13863.138819681553,1456.6179804278659,180.46712243608647,648.2443125171685,649.2488178268134,0.0,83.656669973507,80.29024878027116,21.71157112683981,20.993478019737193,21.248606889314846,20.926336876982006,21.309756767450445,20.908171096056087,2.717529928577082,2.75,78.15575735864931,0.8972159387594317,0.9,18.9699945106855,1.8001335334176118,1.8,64.26021199424115,0.7999034578682171,0.8,2.033963476601176,1.800102018855134,1.8,28.143230476749537,0.9000460294299111,0.9,12.756234968057406,3.0035918350691038,3.0,95.52034072069765,2.063580378572936,0.9,100.0,2.1511806294601254,2.15,839.0049079138081,44.01132398506491,44.00000000000001,55.45107246228081,59.96632046413987,60.0,45.463379982134065,29.38874423660593,30.0,48.916150892367874,29.937373457506737,30.0,54.991669721512224,52.71133904661332,56.0,16.62038057135295,50.95826701858465,57.30000000000001,0.0,50.95734374673992,57.30000000000001,0.0,34.575383105875346,34.51710949845119,49.54947121131936,24.975473178396896,25.0,25.409478046974872
43.0,722605.082562051,861.2853094601471,0.20112027946233452,344868.6009575099,2154.6366043487737,0.02074464317437143,176.37876231374221,1807.8038357296957,10726.490672124693,13863.131599548633,1456.6043703177502,180.44910902580025,648.095990240702,648.9770691929515,0.0,83.65656281648982,80.29014575152479,21.711594675599475,20.993495320519955,21.248624032810053,20.92635328502939,21.30977183837898,20.90818666497947,2.7175530908178662,2.75,78.15009108377221,0.897219275571711,0.9,18.969500154923136,1.8001330314735415,1.8,64.26035005601865,0.7999035596820834,0.8,2.0339561548058374,1.8001015570294856,1.8,28.14321814652786,0.9000457019038471,0.9,12.75621779160288,3.0034599179278594,3.0,95.51422540779207,2.063433427328261,0.9,100.0,2.1506356784936815,2.15,838.1567328542275,44.010188982721665,44.00000000000001,55.449195802659325,59.96641776876885,60.0,45.46312682830895,29.392314576702745,30.0,48.913644378231716,29.93737629708022,30.0,54.991046324056505,52.71313482365889,56.0,16.680730543743056,50.954657369837946,57.30000000000001,0.0,50.953737039989676,57.30000000000001,0.0,34.575596524388175,34.51698863344126,49.5476304864549,24.97545023030699,25.0,25.409205912184053
44.0,722437.3518336935,861.0824325029376,0.20110707358836158,344864.20755349885,2154.6356839699947,0.020744494785699247,176.37871952214678,1807.896126280861,10726.514615056494,13863.124452460479,1456.5911177187645,180.4305890998791,647.9430096299869,648.7004732547653,0.0,83.65645831914838,80.29004621505776,21.711618759139526,20.993513594344876,21.248641694851894,20.926370632454596,21.309787346353406,20.908202546997465,2.7175762685578078,2.75,78.14443099278115,0.8972226411285799,0.9,18.969009129420147,1.800132509689835,1.8,64.26048394155065,0.7999036613785536,0.8,2.033948840396907,1.800101083354451,1.8,28.14320447347589,0.9000453719193873,0.9,12.756200272964438,3.003328450639657,3.0,95.50811432819302,2.063287250338263,0.9,100.0,2.1500909564020954,2.15,837.3060783173848,44.009051409523835,44.00000000000001,55.44714079449442,59.96651370382898,60.0,45.462872214480264,29.395885006364665,30.0,48.911173657957285,29.9373824358874,30.0,54.99042628722257,52.71477502955395,56.0,16.741514425466804,50.9510533622377,57.30000000000001,0.0,50.95013693738514,57.30000000000001,0.0,34.57581029506048,34.51687323819118,49.54579341347276,24.975428850092044,25.0,25.408937466397212
45.0,722265.2629534573,860.8743686866648,0.20109391250333994,344859.8651995614,2154.634953090981,0.020744347064056055,176.37867735314217,1807.989045057692,10726.545385193282,13863.117360581216,1456.5778367261516,180.41156387493834,647.7853851359581,648.4174705680989,0.0,83.65635666991815,80.2899504769189,21.711642000970798,20.99353138955445,21.248657978938986,20.926387282219263,21.30980304092319,20.908218375846328,2.717599481170639,2.75,78.13877838500784,0.8972260353481216,0.9,18.968521435311995,1.8001319729733005,1.8,64.2606144437504,0.799903762948209,0.8,2.033941533046331,1.8001005980942144,1.8,28.143189480150298,0.9000450393963376,0.9,12.756182398491584,3.0031974334037645,3.0,95.50200755437115,2.0631418439213003,0.9,100.0,2.149546509003559,2.15,836.4530173248985,44.0079113959749,44.00000000000001,55.444907463243844,59.9666083291778,60.0,45.46261624290028,29.399454646689207,30.0,48.908737844748714,29.937392149292748,30.0,54.989809922120834,52.7162686017046,56.0,16.80270833698076,50.94745525479823,57.30000000000001,0.0,50.94654369191562,57.30000000000001,0.0,34.57602422952027,34.51676328654929,49.54396042240997,24.97541133602124,25.0,25.40867037468319
46.0,722088.9199163107,860.6612421809056,0.20108079740125945,344855.5668875042,2154.6343688400584,0.020744200019454144,176.3786358071956,1808.0836076094902,10726.580581115524,13863.110356109242,1456.5645904380506,180.39203029168536,647.6231283382724,648.1310443894172,0.0,83.6562578441706,80.2898584939326,21.711663619115896,20.99354715065155,21.24867221982018,20.926401797754785,21.309818309921763,20.908233364769753,2.7176227471980194,2.75,78.13313450843276,0.8972294581754373,0.9,18.968037075970365,1.8001314192620423,1.8,64.26074119064411,0.7999038643722779,0.8,2.0339342321122147,1.8001001017491218,1.8,28.143173212890748,0.9000447043211005,0.9,12.756164159318729,3.0030668663035196,3.0,95.49590515301216,2.062997204404982,0.9,100.0,2.1490023817205697,2.15,835.5976225166892,44.00676903110095,44.00000000000001,55.442495723287145,59.96670180468385,60.0,45.46235921797482,29.403022689479144,30.0,48.90633611443345,29.937405686883153,30.0,54.98919751658008,52.717624177737605,56.0,16.864289125326987,50.943863301967156,57.30000000000001,0.0,50.942957555420435,57.30000000000001,0.0,34.57623778295351,34.516658672774724,49.542132505790775,24.975395516467643,25.0,25.408406973972593
47.0,721908.348004799,860.4430833105408,0.20106772946221682,344851.2901131379,2154.6337846517768,0.02074405366256215,176.37859463369486,1808.18008781083,10726.616773604364,13863.103407298928,1456.551371896529,180.37199770958597,647.4562615056284,647.8398495201327,0.0,83.65616176187393,80.28977010568312,21.711682591175254,20.993559693148416,21.24868320003732,20.926412952642398,21.309832026986445,20.908246190297234,2.7176460811910386,2.75,78.12750034823203,0.8972329095138222,0.9,18.967556051256278,1.8001308487892766,1.8,64.26086419316528,0.7999039656406314,0.8,2.0339269372396234,1.8000995951680867,1.8,28.143155753176597,0.9000443667834969,0.9,12.756145553235385,3.0029367493314325,3.0,95.48980718625938,2.0628533281267423,0.9,100.0,2.1484586195697024,2.15,834.7399661328845,44.005624510046424,44.00000000000001,55.43990583663053,59.96679425750551,60.0,45.462101380384894,29.40658836552359,30.0,48.903967674133135,29.937423047613663,30.0,54.98858910778672,52.71885005540781,56.0,16.926234491208206,50.94027775501888,57.30000000000001,0.0,50.93937876894097,57.30000000000001,0.0,34.57645151108915,34.516559231911344,49.54030832220919,24.97538358658204,25.0,25.408145109583675
48.0,721723.4629303097,860.2197917824425,0.20105470985304855,344847.0812472911,2154.6335016439457,0.02074390800470343,176.37855416295585,1808.2779476525054,10726.6565374313,13863.096547762803,1456.5381575048207,180.3514686835615,647.2848044168226,647.5439032873169,0.0,83.65606836594907,80.2896851695836,21.711700399714843,20.993570734051534,21.248692552353408,20.926422503826412,21.309844312148776,20.90825722518841,2.717669494663481,2.75,78.12187668965343,0.8972363892411378,0.9,18.967078358877345,1.8001302619500057,1.8,64.26098348987013,0.7999040667486811,0.8,2.0339196482578004,1.800099078675009,1.8,28.14313713009384,0.900044026875753,0.9,12.75612658840285,3.002807082398752,3.0,95.48371371218074,2.0627102114351143,0.9,100.0,2.147915268037209,2.15,833.880121384391,44.00447798093947,44.00000000000001,55.43713794645058,59.966885709633004,60.0,45.46184276076832,29.410150986425208,30.0,48.901631804899004,29.937444533459427,30.0,54.98798503896708,52.71995500949453,56.0,16.988520528758176,50.93669885987407,57.30000000000001,0.0,50.93580757052081,57.30000000000001,0.0,34.57666512039367,34.51646494975023,49.53848853586505,24.97537358281903,25.0,25.407887015563897
49.0,721534.3263020508,859.9914412225464,0.201041739726396,344842.8833590533,2154.633155733987,0.020743763057907812,176.37851406733827,1808.377361847095,10726.69968185464,13863.089741569762,1456.5251089188482,180.33043516677725,647.1087627488508,647.2432231972566,0.0,83.65597777084348,80.28960384349988,21.711716269467797,20.9935795565149,21.24869941664969,20.926429682861635,21.309855140969514,20.908266292534304,2.717692998467887,2.75,78.11626427627336,0.8972398972518775,0.9,18.96660399789783,1.8001296590708764,1.8,64.2610991084667,0.7999041676941402,0.8,2.0339123650724527,1.800098552901745,1.8,28.14311740373468,0.9000436847417973,0.9,12.756107273253717,3.0026778654088244,3.0,95.47762478843559,2.0625678506893874,0.9,100.0,2.147372371988187,2.15,833.0181607452328,44.003329494691755,44.00000000000001,55.4341919119112,59.966976634111404,60.0,45.46158429817994,29.413709931383323,30.0,48.899327849170945,29.93747034578081,30.0,54.98738555474627,52.72095017127401,56.0,17.051116039994234,50.933126857317234,57.30000000000001,0.0,50.93224419823315,57.30000000000001,0.0,34.576878422319,34.51637570424799,49.536673386648495,24.97536738877278,25.0,25.407630747629078
50.0,721340.9567329739,859.7580540014897,0.20102882022083254,344838.7544610613,2154.633121468133,0.020743618834859947,176.37847467543787,1808.4780903875055,10726.74895860951,13863.083025681824,1456.5120010407645,180.30890239746154,646.9281553643076,646.9378640520973,0.0,83.65588993391184,80.28952604432841,21.711732047764723,20.993588145246736,21.24870581075309,20.926436534802082,21.30986529236246,20.908274399099575,2.7177166028856448,2.75,78.11066381587622,0.8972434334554643,0.9,18.96613296860103,1.8001290403812484,1.8,64.2612110608308,0.7999042684666788,0.8,2.0339050873200386,1.8000980180195352,1.8,28.14309658818688,0.90004334049585,0.9,12.756087621438745,3.0025490985498635,3.0,95.47154048695279,2.062426242257882,0.9,100.0,2.1468299766324943,2.15,832.1541574635901,44.00217919190109,44.00000000000001,55.43106788232438,59.967067068358176,60.0,45.46132606091826,29.41726455788512,30.0,48.8970551212516,29.93750064804442,30.0,54.986790863490334,52.72184352446163,56.0,17.113999109942142,50.92956198478606,57.30000000000001,0.0,50.928688882135134,57.30000000000001,0.0,34.577090823010224,34.51629141020777,49.53486400892955,24.975362919091026,25.0,25.407378227470552
51.0,721143.3131896046,859.5195813811737,0.2010159524611556,344834.6381629459,2154.6330389249433,0.0207434753489212,176.3784356843628,1808.5805195677615,10726.801326436227,13863.076365782994,1456.4990725255377,180.2868721083393,646.7430081662893,646.6278582105871,0.0,83.6558048328649,80.28945172123076,21.711745509007194,20.99359420892552,21.248709589152526,20.92644076218413,21.309874229159078,20.908280783139322,2.717740317994005,2.75,78.1050760048767,0.8972469977787717,0.9,18.965665272704086,1.800128406185187,1.8,64.26131937179586,0.7999043690623694,0.8,2.033897814849987,1.8000974748681908,1.8,28.143074764675173,0.9000429943307856,0.9,12.756067643675962,3.002420781624561,3.0,95.46546086035774,2.062285382524745,0.9,100.0,2.146288126528131,2.15,831.2881840011894,44.00102721139115,44.00000000000001,55.42776602250322,59.967157487003306,60.0,45.46106899803524,29.42081446429438,30.0,48.894813172303806,29.937535295995588,30.0,54.98620086440145,52.722642336521346,56.0,17.177149827032576,50.926004475220054,57.30000000000001,0.0,50.92514184741566,57.30000000000001,0.0,34.5773031902105,34.51621189752797,49.533058423315744,24.975362210683215,25.0,25.40712738697971
52.0,720941.5307656233,859.2761845809774,0.20100313755730648,344830.59164933936,2154.6332768383186,0.020743332614047094,176.37839740961653,1808.6841553782908,10726.859035648406,13863.069809074252,1456.4860414217221,180.26434032925567,646.5533346696913,646.3132230810247,0.0,83.65572248130104,80.28938088244568,21.711759182294188,20.993600336836515,21.248713428550182,20.926445036324406,21.30988261509687,20.908286463332058,2.7177641522558837,2.75,78.09950143394771,0.8972505901325866,0.9,18.96520091055882,1.800127756772999,1.8,64.26142406438619,0.7999044694775342,0.8,2.0338905475196527,1.8000969236203215,1.8,28.143051947761677,0.9000426463945251,0.9,12.756047358613118,3.0022929142708,3.0,95.45938595298509,2.0621452678869434,0.9,100.0,2.1457468665861,2.15,830.4203136052358,43.99987365766633,44.00000000000001,55.42428640997872,59.9672479343356,60.0,45.46081319849097,29.42435907108279,30.0,48.892601369803046,29.9375744811162,30.0,54.98561579433322,52.723354333177156,56.0,17.24054675040161,50.9224545569752,57.30000000000001,0.0,50.9216033177882,57.30000000000001,0.0,34.57751536204768,34.51613719220546,49.53125710559954,24.975363422927387,25.0,25.406880300678736
53.0,720735.570283165,859.0278170670413,0.20099037660533933,344826.54683922674,2154.6333977214904,0.020743190644783742,176.37835944999532,1808.7893558275643,10726.921149855598,13863.063291618495,1456.473248450974,180.2413193609607,646.359158494695,645.9940014218022,0.0,83.65564303013652,80.28931378136609,21.71177128145512,20.99360510383313,21.248715381553705,20.926447814529677,21.30989024486421,20.908291212405217,2.7177881149414795,2.75,78.09394074964108,0.8972542104605385,0.9,18.964739885238302,1.8001270924138595,1.8,64.26152515855271,0.7999045697073305,0.8,2.033883285147008,1.8000963648840356,1.8,28.1430281957611,0.900042296869302,0.9,12.756026780451911,3.0021654960856154,3.0,95.45331580707108,2.062005894752024,0.9,100.0,2.1452062411241015,2.15,829.5506188267177,43.998718727421206,44.00000000000001,55.42062942835653,59.96733883174153,60.0,45.46055951105938,29.42789787281862,30.0,48.890419150267064,29.937618193717014,30.0,54.98503568887122,52.7239877113297,56.0,17.304166861717384,50.91891245498471,57.30000000000001,0.0,50.91807350585401,57.30000000000001,0.0,34.57772729369594,34.51606720127063,49.52946005858483,24.97536837080122,25.0,25.40663514715218
54.0,720525.4469437016,858.7744971314874,0.20097767068709943,344822.5813682397,2154.633900986149,0.02074304945614584,176.37832225261266,1808.896258243379,10726.986251987755,13863.056869816439,1456.4602861734656,180.217805761867,646.1604985828451,645.6702061404033,0.0,83.65556641466685,80.28925031575548,21.711782160795725,20.993608333474544,21.248716150645382,20.92644909564412,21.309896859019467,20.908294669134442,2.717812213402906,2.75,78.08839447227015,0.8972578586752263,0.9,18.964282197205403,1.8001264132997024,1.8,64.26162266169268,0.7999046697384627,0.8,2.033876027266802,1.8000957993615723,1.8,28.143003576635294,0.9000419459721992,0.9,12.756005926886038,3.0020385266153995,3.0,95.44725046225686,2.0618672595380825,0.9,100.0,2.144666294837418,2.15,828.6791730393863,43.99756252378891,44.00000000000001,55.41679519602797,59.96743007925892,60.0,45.46030774048428,29.431430413770386,30.0,48.888265995356534,29.9376664795862,30.0,54.98446063953626,52.724550503628166,56.0,17.36798747474942,50.91537838824155,57.30000000000001,0.0,50.91455262440303,57.30000000000001,0.0,34.57793853023958,34.51600187314989,49.527668196114284,24.97537502465849,25.0,25.406393778734028
55.0,720311.2493625277,858.5163305749468,0.2009650208697071,344818.63426797296,2154.6343970043995,0.02074290906359304,176.3782856112634,1809.0050932215688,10727.051207600873,13863.050516382315,1456.4476568626549,180.19380054348886,645.9573671905198,645.3418802638628,0.0,83.65549248942965,80.28919021834001,21.71179053116095,20.99360837599869,21.24871403719965,20.926447143272807,21.309901571506675,20.908295799532674,2.717836451695907,2.75,78.08286290329154,0.897261534625238,0.9,18.963827841546724,1.8001257196811267,1.8,64.26171659139861,0.7999047695667363,0.8,2.033868773716668,1.8000952280804448,1.8,28.142978191216024,0.9000415939956395,0.9,12.755984819166489,3.0019120053239994,3.0,95.44118995398185,2.061729358674403,0.9,100.0,2.144127071841081,2.15,827.8060489401156,43.99640515914867,44.00000000000001,55.41278387597956,59.96752212583294,60.0,45.4600587953101,29.43495628889451,30.0,48.8861414333696,29.93771919493264,30.0,54.98389054683203,52.72505022861378,56.0,17.431987295220296,50.9118525715927,57.30000000000001,0.0,50.911040880984444,57.30000000000001,0.0,34.57814986673969,34.51594107838446,49.525879757816085,24.97538542567628,25.0,25.40615418283788
56.0,720092.8591125995,858.2531763910376,0.20095242820673923,344814.7220779305,2154.6349860909068,0.0207427694829159,176.37824935980683,1809.1152591533487,10727.119575676643,13863.044221046435,1456.434725786155,180.16931187799236,645.7497916610909,645.0090713211051,0.0,83.65542125608903,80.2891334554717,21.7117990306329,20.993608009763037,21.248711848173368,20.926444809403616,21.309905007077518,20.908295585021445,2.7178608310771075,2.75,78.07734615783313,0.8972652381024039,0.9,18.963376808561208,1.800125011862017,1.8,64.26180697465036,0.7999048691958245,0.8,2.033861524596922,1.8000946513525538,1.8,28.142952068877776,0.9000412411827402,0.9,12.75596348617573,3.0017859316214666,3.0,95.43513431491375,2.0615921886012987,0.9,100.0,2.14358861644648,2.15,826.9313197633765,43.995246791360124,44.00000000000001,55.40859579131793,59.96761496883977,60.0,45.45981268090828,29.43847512200017,30.0,48.884045017695264,29.93777647328824,30.0,54.98332558992052,52.72549475228442,56.0,17.496143829162698,50.90833521560796,57.30000000000001,0.0,50.90753847540458,57.30000000000001,0.0,34.578361107746275,34.51588486121932,49.52409531654211,24.975398545718974,25.0,25.40591843811243
57.0,719870.2849669872,857.9850452052735,0.20093989373748103,344810.86212446657,2154.6357808056314,0.020742630730140384,176.3782137870758,1809.2273247549122,10727.18903032173,13863.038014968632,1456.4221531553558,180.1443286421583,645.5377875397693,644.6717931583413,0.0,83.65535279431471,80.28908013982962,21.711804955226583,20.99360478590969,21.248706843590917,20.926439565014487,21.309906648750307,20.908293211132115,2.7178853521749176,2.75,78.07184430928156,0.8972689688787318,0.9,18.962929086832624,1.8001242901066528,1.8,64.26189383226742,0.7999049686249423,0.8,2.0338542798591766,1.8000940701926307,1.8,28.142925309616345,0.9000408878467319,0.9,12.755941951946712,3.0016603048750015,3.0,95.4290835754898,2.0614557457697806,0.9,100.0,2.143050973511734,2.15,826.0550598315431,43.994087487186114,44.00000000000001,55.404231001873825,59.96770856760162,60.0,45.45956932600001,29.441986576494514,30.0,48.881976337954555,29.93783843941395,30.0,54.98276594044037,52.72589176264108,56.0,17.560434962839878,50.904826525385545,57.30000000000001,0.0,50.90404560983956,57.30000000000001,0.0,34.578572119630394,34.51583316266726,49.5223151165305,24.97541316854813,25.0,25.405685543612318
58.0,719643.6981510589,857.7121412861562,0.20092741848586815,344807.03261891886,2154.6366393458243,0.020742492821443734,176.37817877021038,1809.3406671132464,10727.262867645064,13863.031880415318,1456.4095563957035,180.11885094306552,645.3213715115618,644.3300957150196,0.0,83.65528702607752,80.28903013912142,21.71181092311593,20.993601710806757,21.2487025533791,20.926434687799393,21.309907461722375,20.908289981039605,2.7179100138029426,2.75,78.06635730977277,0.8972727266784961,0.9,18.962484660890347,1.8001235546367516,1.8,64.26197717834515,0.7999050678485088,0.8,2.03384703929456,1.8000934847885501,1.8,28.142897930804473,0.9000405342281527,0.9,12.755920247628122,3.001535124411685,3.0,95.42303776404783,2.061320026641321,0.9,100.0,2.1425141872110047,2.15,825.1773426283777,43.9929273599825,44.00000000000001,55.39968972426036,59.96780321321245,60.0,45.459329326731165,29.445490319666987,30.0,48.87993498432369,29.937904989292406,30.0,54.98221154021174,52.72624838875862,56.0,17.624840116712097,50.901326702834695,57.30000000000001,0.0,50.900562479293114,57.30000000000001,0.0,34.57878244446175,34.51578590777018,49.52054002633979,24.9754316506029,25.0,25.40545429812695
59.0,719413.1313484702,857.4345037451815,0.20091500346124858,344803.2283900392,2154.637522651296,0.020742355773045798,176.37814411649418,1809.4555618415263,10727.340821788672,13863.025803665196,1456.3969414191333,180.09289481288695,645.1005818869822,643.9840263225285,0.0,83.65522396070165,80.28898346605969,21.711815260696767,20.99359786346011,21.24869754996437,20.926429217351178,21.309907554823077,20.90828602532701,2.7179348160978756,2.75,78.06088519967894,0.8972765112423741,0.9,18.962043516558612,1.8001228057216803,1.8,64.26205703536938,0.7999051668676169,0.8,2.0338398029167886,1.8000928956795634,1.8,28.142869985132325,0.9000401805688866,0.9,12.755898397179585,3.0014103894704562,3.0,95.41699690441285,2.0611850276875674,0.9,100.0,2.141978301141146,2.15,824.2982409626673,43.99176661615469,44.00000000000001,55.394972485200135,59.967898803265086,60.0,45.459092490879975,29.44898603916255,30.0,48.87792056421088,29.937975950329303,30.0,54.98166226075193,52.72657192548968,56.0,17.689338068009125,50.89783594645456,57.30000000000001,0.0,50.89708926752189,57.30000000000001,0.0,34.57899285726717,34.51574301477751,49.51876841789383,24.97545273914659,25.0,25.40522709668775
60.0,719178.4403514548,857.1519608331267,0.20090264965951374,344799.48114062054,2154.638633714274,0.020742219601088668,176.3781101317575,1809.5723813664051,10727.419485280121,13863.01982730875,1456.3844787589837,180.06646380864575,644.8754422609131,643.6335852854319,0.0,83.65516357727122,80.28894008208411,21.71181699610867,20.993591477267355,21.248691109163534,20.926421544502688,21.309906405505977,20.9082805232606,2.7179597573672107,2.75,78.05542789704957,0.8972803222590197,0.9,18.96160563523992,1.8001220435983356,1.8,64.26213342080919,0.7999052656798745,0.8,2.033832570623139,1.8000923037949883,1.8,28.14284156460647,0.900039827164249,0.9,12.75587642477594,3.0012860991995876,3.0,95.41096101575825,2.061050745389465,0.9,100.0,2.1414433592672952,2.15,823.4178284476257,43.990605412701626,44.00000000000001,55.390079686746176,59.967995209054436,60.0,45.45885857191273,29.4524734482016,30.0,48.87593270773195,29.93805142494176,30.0,54.981118249613814,52.726869392269634,56.0,17.753908279823868,50.894354448893694,57.30000000000001,0.0,50.89362615689754,57.30000000000001,0.0,34.579203233208375,34.515704528507854,49.51700071937809,24.975475335556098,25.0,25.40500271262291
61.0,,,,,,,,,,,,,,,,,,,,,,,,,,,,,,,,,,,,,,,,,,,,,,,,,,,,,,,,,,,,,,,,,,,,,,,,,,,,,
62.0,,,,,,,,,,,,,,,,,,,,,,,,,,,,,,,,,,,,,,,,,,,,,,,,,,,,,,,,,,,,,,,,,,,,,,,,,,,,,
63.0,,,,,,,,,,,,,,,,,,,,,,,,,,,,,,,,,,,,,,,,,,,,,,,,,,,,,,,,,,,,,,,,,,,,,,,,,,,,,
64.0,,,,,,,,,,,,,,,,,,,,,,,,,,,,,,,,,,,,,,,,,,,,,,,,,,,,,,,,,,,,,,,,,,,,,,,,,,,,,
65.0,,,,,,,,,,,,,,,,,,,,,,,,,,,,,,,,,,,,,,,,,,,,,,,,,,,,,,,,,,,,,,,,,,,,,,,,,,,,,
66.0,,,,,,,,,,,,,,,,,,,,,,,,,,,,,,,,,,,,,,,,,,,,,,,,,,,,,,,,,,,,,,,,,,,,,,,,,,,,,
67.0,,,,,,,,,,,,,,,,,,,,,,,,,,,,,,,,,,,,,,,,,,,,,,,,,,,,,,,,,,,,,,,,,,,,,,,,,,,,,
68.0,,,,,,,,,,,,,,,,,,,,,,,,,,,,,,,,,,,,,,,,,,,,,,,,,,,,,,,,,,,,,,,,,,,,,,,,,,,,,
69.0,,,,,,,,,,,,,,,,,,,,,,,,,,,,,,,,,,,,,,,,,,,,,,,,,,,,,,,,,,,,,,,,,,,,,,,,,,,,,
70.0,,,,,,,,,,,,,,,,,,,,,,,,,,,,,,,,,,,,,,,,,,,,,,,,,,,,,,,,,,,,,,,,,,,,,,,,,,,,,
71.0,,,,,,,,,,,,,,,,,,,,,,,,,,,,,,,,,,,,,,,,,,,,,,,,,,,,,,,,,,,,,,,,,,,,,,,,,,,,,
72.0,,,,,,,,,,,,,,,,,,,,,,,,,,,,,,,,,,,,,,,,,,,,,,,,,,,,,,,,,,,,,,,,,,,,,,,,,,,,,
73.0,,,,,,,,,,,,,,,,,,,,,,,,,,,,,,,,,,,,,,,,,,,,,,,,,,,,,,,,,,,,,,,,,,,,,,,,,,,,,
74.0,,,,,,,,,,,,,,,,,,,,,,,,,,,,,,,,,,,,,,,,,,,,,,,,,,,,,,,,,,,,,,,,,,,,,,,,,,,,,
75.0,,,,,,,,,,,,,,,,,,,,,,,,,,,,,,,,,,,,,,,,,,,,,,,,,,,,,,,,,,,,,,,,,,,,,,,,,,,,,
76.0,,,,,,,,,,,,,,,,,,,,,,,,,,,,,,,,,,,,,,,,,,,,,,,,,,,,,,,,,,,,,,,,,,,,,,,,,,,,,
77.0,,,,,,,,,,,,,,,,,,,,,,,,,,,,,,,,,,,,,,,,,,,,,,,,,,,,,,,,,,,,,,,,,,,,,,,,,,,,,
78.0,,,,,,,,,,,,,,,,,,,,,,,,,,,,,,,,,,,,,,,,,,,,,,,,,,,,,,,,,,,,,,,,,,,,,,,,,,,,,
79.0,,,,,,,,,,,,,,,,,,,,,,,,,,,,,,,,,,,,,,,,,,,,,,,,,,,,,,,,,,,,,,,,,,,,,,,,,,,,,
80.0,,,,,,,,,,,,,,,,,,,,,,,,,,,,,,,,,,,,,,,,,,,,,,,,,,,,,,,,,,,,,,,,,,,,,,,,,,,,,
81.0,,,,,,,,,,,,,,,,,,,,,,,,,,,,,,,,,,,,,,,,,,,,,,,,,,,,,,,,,,,,,,,,,,,,,,,,,,,,,
82.0,,,,,,,,,,,,,,,,,,,,,,,,,,,,,,,,,,,,,,,,,,,,,,,,,,,,,,,,,,,,,,,,,,,,,,,,,,,,,
83.0,,,,,,,,,,,,,,,,,,,,,,,,,,,,,,,,,,,,,,,,,,,,,,,,,,,,,,,,,,,,,,,,,,,,,,,,,,,,,
84.0,,,,,,,,,,,,,,,,,,,,,,,,,,,,,,,,,,,,,,,,,,,,,,,,,,,,,,,,,,,,,,,,,,,,,,,,,,,,,
85.0,,,,,,,,,,,,,,,,,,,,,,,,,,,,,,,,,,,,,,,,,,,,,,,,,,,,,,,,,,,,,,,,,,,,,,,,,,,,,
86.0,,,,,,,,,,,,,,,,,,,,,,,,,,,,,,,,,,,,,,,,,,,,,,,,,,,,,,,,,,,,,,,,,,,,,,,,,,,,,
87.0,,,,,,,,,,,,,,,,,,,,,,,,,,,,,,,,,,,,,,,,,,,,,,,,,,,,,,,,,,,,,,,,,,,,,,,,,,,,,
88.0,,,,,,,,,,,,,,,,,,,,,,,,,,,,,,,,,,,,,,,,,,,,,,,,,,,,,,,,,,,,,,,,,,,,,,,,,,,,,
89.0,,,,,,,,,,,,,,,,,,,,,,,,,,,,,,,,,,,,,,,,,,,,,,,,,,,,,,,,,,,,,,,,,,,,,,,,,,,,,
90.0,,,,,,,,,,,,,,,,,,,,,,,,,,,,,,,,,,,,,,,,,,,,,,,,,,,,,,,,,,,,,,,,,,,,,,,,,,,,,
91.0,,,,,,,,,,,,,,,,,,,,,,,,,,,,,,,,,,,,,,,,,,,,,,,,,,,,,,,,,,,,,,,,,,,,,,,,,,,,,
92.0,,,,,,,,,,,,,,,,,,,,,,,,,,,,,,,,,,,,,,,,,,,,,,,,,,,,,,,,,,,,,,,,,,,,,,,,,,,,,
93.0,,,,,,,,,,,,,,,,,,,,,,,,,,,,,,,,,,,,,,,,,,,,,,,,,,,,,,,,,,,,,,,,,,,,,,,,,,,,,
94.0,,,,,,,,,,,,,,,,,,,,,,,,,,,,,,,,,,,,,,,,,,,,,,,,,,,,,,,,,,,,,,,,,,,,,,,,,,,,,
95.0,,,,,,,,,,,,,,,,,,,,,,,,,,,,,,,,,,,,,,,,,,,,,,,,,,,,,,,,,,,,,,,,,,,,,,,,,,,,,
96.0,,,,,,,,,,,,,,,,,,,,,,,,,,,,,,,,,,,,,,,,,,,,,,,,,,,,,,,,,,,,,,,,,,,,,,,,,,,,,
97.0,,,,,,,,,,,,,,,,,,,,,,,,,,,,,,,,,,,,,,,,,,,,,,,,,,,,,,,,,,,,,,,,,,,,,,,,,,,,,
98.0,,,,,,,,,,,,,,,,,,,,,,,,,,,,,,,,,,,,,,,,,,,,,,,,,,,,,,,,,,,,,,,,,,,,,,,,,,,,,
99.0,,,,,,,,,,,,,,,,,,,,,,,,,,,,,,,,,,,,,,,,,,,,,,,,,,,,,,,,,,,,,,,,,,,,,,,,,,,,,
100.0,,,,,,,,,,,,,,,,,,,,,,,,,,,,,,,,,,,,,,,,,,,,,,,,,,,,,,,,,,,,,,,,,,,,,,,,,,,,,
101.0,,,,,,,,,,,,,,,,,,,,,,,,,,,,,,,,,,,,,,,,,,,,,,,,,,,,,,,,,,,,,,,,,,,,,,,,,,,,,
102.0,,,,,,,,,,,,,,,,,,,,,,,,,,,,,,,,,,,,,,,,,,,,,,,,,,,,,,,,,,,,,,,,,,,,,,,,,,,,,
103.0,,,,,,,,,,,,,,,,,,,,,,,,,,,,,,,,,,,,,,,,,,,,,,,,,,,,,,,,,,,,,,,,,,,,,,,,,,,,,
104.0,,,,,,,,,,,,,,,,,,,,,,,,,,,,,,,,,,,,,,,,,,,,,,,,,,,,,,,,,,,,,,,,,,,,,,,,,,,,,
105.0,,,,,,,,,,,,,,,,,,,,,,,,,,,,,,,,,,,,,,,,,,,,,,,,,,,,,,,,,,,,,,,,,,,,,,,,,,,,,
106.0,,,,,,,,,,,,,,,,,,,,,,,,,,,,,,,,,,,,,,,,,,,,,,,,,,,,,,,,,,,,,,,,,,,,,,,,,,,,,
107.0,,,,,,,,,,,,,,,,,,,,,,,,,,,,,,,,,,,,,,,,,,,,,,,,,,,,,,,,,,,,,,,,,,,,,,,,,,,,,
108.0,,,,,,,,,,,,,,,,,,,,,,,,,,,,,,,,,,,,,,,,,,,,,,,,,,,,,,,,,,,,,,,,,,,,,,,,,,,,,
109.0,,,,,,,,,,,,,,,,,,,,,,,,,,,,,,,,,,,,,,,,,,,,,,,,,,,,,,,,,,,,,,,,,,,,,,,,,,,,,
110.0,,,,,,,,,,,,,,,,,,,,,,,,,,,,,,,,,,,,,,,,,,,,,,,,,,,,,,,,,,,,,,,,,,,,,,,,,,,,,
111.0,,,,,,,,,,,,,,,,,,,,,,,,,,,,,,,,,,,,,,,,,,,,,,,,,,,,,,,,,,,,,,,,,,,,,,,,,,,,,
112.0,,,,,,,,,,,,,,,,,,,,,,,,,,,,,,,,,,,,,,,,,,,,,,,,,,,,,,,,,,,,,,,,,,,,,,,,,,,,,
113.0,,,,,,,,,,,,,,,,,,,,,,,,,,,,,,,,,,,,,,,,,,,,,,,,,,,,,,,,,,,,,,,,,,,,,,,,,,,,,
114.0,,,,,,,,,,,,,,,,,,,,,,,,,,,,,,,,,,,,,,,,,,,,,,,,,,,,,,,,,,,,,,,,,,,,,,,,,,,,,
115.0,,,,,,,,,,,,,,,,,,,,,,,,,,,,,,,,,,,,,,,,,,,,,,,,,,,,,,,,,,,,,,,,,,,,,,,,,,,,,
116.0,,,,,,,,,,,,,,,,,,,,,,,,,,,,,,,,,,,,,,,,,,,,,,,,,,,,,,,,,,,,,,,,,,,,,,,,,,,,,
117.0,,,,,,,,,,,,,,,,,,,,,,,,,,,,,,,,,,,,,,,,,,,,,,,,,,,,,,,,,,,,,,,,,,,,,,,,,,,,,
118.0,,,,,,,,,,,,,,,,,,,,,,,,,,,,,,,,,,,,,,,,,,,,,,,,,,,,,,,,,,,,,,,,,,,,,,,,,,,,,
119.0,,,,,,,,,,,,,,,,,,,,,,,,,,,,,,,,,,,,,,,,,,,,,,,,,,,,,,,,,,,,,,,,,,,,,,,,,,,,,
120.0,,,,,,,,,,,,,,,,,,,,,,,,,,,,,,,,,,,,,,,,,,,,,,,,,,,,,,,,,,,,,,,,,,,,,,,,,,,,,
